5YJ3E1EA6JF070395,RN100094246
5YJ3E1EA3JF003557,RN100089683
5YJ3E1EA0JF033746,RN100058384
5YJ3E1EA1JF011741,RN100080016
5YJ3E1EBXJF110288,RN108513732
5YJ3E1EA9JF053056,RN107625575
5YJ3E1EA5JF045326,RN108587671
5YJ3E1EA3JF033465,RN107876754
5YJ3E1EA5JF025897,RN107901965
5YJ3E1EA8JF025930,RN108758633
5YJ3E1EA9JF035284,RN108230859
5YJ3E1EA6JF013029,RN107067278
5YJ3E1EA7JF018323,RN107955801
5YJ3E1EA0JF025050,RN107742323
5YJ3E1EA1JF005955,RN108428990
5YJ3E1EA0JF006935,RN107125563
5YJ3E1EA0JF046545,RN107168824
5YJ3E1EA4JF057059,RN107121485
5YJ3E1EA1JF014963,RN108074912
5YJ3E1EA1JF046263,RN108876962
5YJ3E1EB0JF111157,RN107615865
5YJ3E1EA7JF033954,RN107888399
5YJ3E1EA8JF033784,RN107929562
5YJ3E1EA7JF006297,RN107984865
5YJ3E1EA2JF044987,RN107227980
5YJ3E1EA8HF002429,RN107882746
5YJ3E1EA1JF060758,RN107981736
5YJ3E1EA7JF016859,RN108580470
5YJ3E1EA8JF023286,RN107226377
5YJ3E1EA2JF005168,RN107028267
5YJ3E1EA3JF006332,RN107200062
5YJ3E1EA2JF041590,RN107191097
5YJ3E1EA0JF053561,RN107384804
5YJ3E1EA2JF011049,RN108355101
5YJ3E1EA2JF032663,RN107193222
5YJ3E1EA1JF020715,RN107013348
5YJ3E1EA4JF005822,RN108337696
5YJ3E1EA6JF028163,RN108091939
5YJ3E1EA7JF004423,RN107651640
5YJ3E1EA2JF022683,RN107159274
5YJ3E1EA2JF036356,RN107059316
5YJ3E1EA0JF022177,RN108832163
5YJ3E1EB1JF078672,RN107917262
5YJ3E1EA9JF042329,RN107587806
5YJ3E1EA5JF053300,RN107493544
5YJ3E1EB0JF104260,RN107947170
5YJ3E1EA4JF049088,RN107021931
5YJ3E1EB8JF088517,RN108502654
5YJ3E1EB2JF115826,RN108411583
5YJ3E1EA1JF014637,RN107043628
5YJ3E1EA3JF022515,RN107760066
5YJ3E1EAXJF004298,RN108217357
5YJ3E1EA0JF025757,RN107807204
5YJ3E1EA0JF018230,RN107405199
5YJ3E1EA8JF030897,RN107957069
5YJ3E1EA9JF052795,RN108273768
5YJ3E1EB6JF085004,RN107054587
5YJ3E1EAXJF010599,RN107993433
5YJ3E1EB7JF068999,RN107071723
5YJ3E1EA1JF061345,RN108781867
5YJ3E1EA6JF004073,RN108351880
5YJ3E1EA7JF062466,RN107822634
5YJ3E1EA2JF020965,RN107295057
5YJ3E1EB2JF064652,RN108646275
5YJ3E1EB4JF087929,RN107043554
5YJ3E1EA8JF047555,RN108728910
5YJ3E1EB7JF067191,RN108822533
5YJ3E1EA8JF005015,RN107768589
5YJ3E1EA1JF051253,RN107401751
5YJ3E1EB7JF063805,RN107520102
5YJ3E1EB0JF113850,RN107875802
5YJ3E1EBXJF095972,RN107238568
5YJ3E1EA6JF071840,RN107285883
5YJ3E1EA4JF046046,RN107005511
5YJ3E1EA2JF051809,RN107096317
5YJ3E1EA5JF046394,RN107893238
5YJ3E1EA1JF005731,RN108156435
5YJ3E1EA6JF004834,RN108740228
5YJ3E1EB5JF089951,RN108756021
5YJ3E1EB5JF071420,RN108973159
5YJ3E1EB6JF055449,RN108785146
5YJ3E1EA8JF039780,RN107542266
5YJ3E1EA0JF061027,RN108296364
5YJ3E1EB1JF107345,RN107825987
5YJ3E1EB1JF066103,RN107538523
5YJ3E1EA3JF026689,RN108848398
5YJ3E1EA6JF009577,RN107343375
5YJ3E1EB5JF077184,RN107622313
5YJ3E1EA2JF007518,RN107184465
5YJ3E1EA9JF009106,RN107188264
5YJ3E1EA0JF031060,RN107001560
5YJ3E1EA2JF051892,RN107016670
5YJ3E1EA3JF032699,RN108989645
5YJ3E1EA6JF035565,RN107006287
5YJ3E1EA7JF023858,RN107488334
5YJ3E1EA4JF102342,RN108572986
5YJ3E1EB1JF100359,RN108876171
5YJ3E1EA7JF075606,RN107768719
5YJ3E1EB6JF088287,RN107395133
5YJ3E1EA5JF006610,RN107131011
5YJ3E1EA7JF017754,RN108155684
5YJ3E1EA6JF024628,RN108522099
5YJ3E1EA0JF046978,RN107051898
5YJ3E1EA1JF019970,RN107832063
5YJ3E1EB4JF113218,RN108283774
5YJ3E1EA4JF056334,RN107103666
5YJ3E1EA7JF033967,RN107675221
5YJ3E1EA5JF050283,RN107630824
5YJ3E1EA8JF008138,RN107995392
5YJ3E1EA5JF062819,RN107943442
5YJ3E1EA3JF043073,RN108035942
5YJ3E1EB6JF073516,RN107276150
5YJ3E1EA6JF020581,RN107363660
5YJ3E1EB1JF091467,RN107574774
5YJ3E1EA7JF049894,RN107440506
5YJ3E1EB6JF103189,RN108629727
5YJ3E1EA7JF009301,RN107015611
5YJ3E1EA4JF023656,RN107040289
5YJ3E1EB8JF109737,RN107656444
5YJ3E1EB5JF064529,RN107488671
5YJ3E1EA2JF028192,RN107351344
5YJ3E1EB2JF064893,RN109028308
5YJ3E1EA8JF004218,RN109059678
5YJ3E1EB5JF084622,RN109112382
5YJ3E1EA2JF050918,RN109122964
5YJ3E1EB2JF107063,RN109128485
5YJ3E1EA9JF048258,RN109136825
5YJ3E1EA5JF070954,RN109141413
5YJ3E1EA5JF098365,RN109150604
5YJ3E1EB4JF087866,RN109156561
5YJ3E1EAXJF031758,RN109160219
5YJ3E1EB9JF076975,RN109163988
5YJ3E1EA1JF042048,RN109164471
5YJ3E1EB9JF064789,RN109164846
5YJ3E1EB8JF080614,RN109166537
5YJ3E1EBXJF083000,RN109170056
5YJ3E1EB7JF072780,RN109171788
5YJ3E1EA0JF017093,RN109174970
5YJ3E1EA2JF046272,RN109177209
5YJ3E1EB0JF072703,RN109179786
5YJ3E1EB9JF064128,RN109180272
5YJ3E1EB4JF054253,RN109183045
5YJ3E1EA5JF026497,RN109186068